{
  "Name": "AND",
  "NameLocation": 0,
  "ChipType": 0,
  "Size": {
    "x": 0.575,
    "y": 0.5
  },
  "Colour": {
    "r": 0.55466634,
    "g": 0.498815417,
    "b": 0.7519336,
    "a": 1
  },
  "InputPins":[
    {
      "Name":"IN",
      "ID":89761582,
      "Position":{
        "x":-8.125,
        "y":3.3125
      },
      "BitCount":1,
      "Colour":1,
      "ValueDisplayMode":0
    },
    {
      "Name":"IN",
      "ID":1544047334,
      "Position":{
        "x":-8.125,
        "y":1.6875
      },
      "BitCount":1,
      "Colour":2,
      "ValueDisplayMode":0
    }
  ],
  "OutputPins":[
    {
      "Name":"OUT",
      "ID":1148015598,
      "Position":{
        "x":0.0,
        "y":2.4375
      },
      "BitCount":1,
      "Colour":0,
      "ValueDisplayMode":0
    }
  ],
  "SubChips":[
    {
      "Name":"NAND",
      "ID":984714586,
      "Label":"",
      "Position":{
        "x":-4.875,
        "y":3.1875
      },
      "OutputPinColourInfo":[{"PinColour":0,"PinID":2}],
      "InternalData":null
    },
    {
      "Name":"NAND",
      "ID":234118728,
      "Label":"",
      "Position":{
        "x":-4.875,
        "y":1.5625
      },
      "OutputPinColourInfo":[{"PinColour":0,"PinID":2}],
      "InternalData":null
    },
    {
      "Name":"NAND",
      "ID":1788878110,
      "Label":"",
      "Position":{
        "x":-2.25,
        "y":2.4375
      },
      "OutputPinColourInfo":[{"PinColour":0,"PinID":2}],
      "InternalData":null
    }
  ],
  "Wires":[
    {
      "SourcePinAddress":{
        "PinID":0,
        "PinOwnerID":89761582
      },
      "TargetPinAddress":{
        "PinID":0,
        "PinOwnerID":984714586
      },
      "ConnectionType":0,
      "ConnectedWireIndex":-1,
      "ConnectedWireSegmentIndex":-1,
      "Points":[{"x":0.0,"y":0.0},{"x":0.0,"y":0.0}]
    },
    {
      "SourcePinAddress":{
        "PinID":0,
        "PinOwnerID":89761582
      },
      "TargetPinAddress":{
        "PinID":1,
        "PinOwnerID":234118728
      },
      "ConnectionType":1,
      "ConnectedWireIndex":0,
      "ConnectedWireSegmentIndex":0,
      "Points":[{"x":-6.3125,"y":3.3125},{"x":-6.3125,"y":1.4375},{"x":0.0,"y":0.0}]
    },
    {
      "SourcePinAddress":{
        "PinID":0,
        "PinOwnerID":1544047334
      },
      "TargetPinAddress":{
        "PinID":1,
        "PinOwnerID":984714586
      },
      "ConnectionType":0,
      "ConnectedWireIndex":-1,
      "ConnectedWireSegmentIndex":-1,
      "Points":[{"x":0.0,"y":0.0},{"x":-5.9375,"y":1.6875},{"x":-5.9375,"y":3.0625},{"x":0.0,"y":0.0}]
    },
    {
      "SourcePinAddress":{
        "PinID":2,
        "PinOwnerID":984714586
      },
      "TargetPinAddress":{
        "PinID":0,
        "PinOwnerID":1788878110
      },
      "ConnectionType":0,
      "ConnectedWireIndex":-1,
      "ConnectedWireSegmentIndex":-1,
      "Points":[{"x":0.0,"y":0.0},{"x":-3.25,"y":3.1875},{"x":-3.25,"y":2.5625},{"x":0.0,"y":0.0}]
    },
    {
      "SourcePinAddress":{
        "PinID":2,
        "PinOwnerID":234118728
      },
      "TargetPinAddress":{
        "PinID":1,
        "PinOwnerID":1788878110
      },
      "ConnectionType":0,
      "ConnectedWireIndex":-1,
      "ConnectedWireSegmentIndex":-1,
      "Points":[{"x":0.0,"y":0.0},{"x":-3.25,"y":1.5625},{"x":-3.25,"y":2.3125},{"x":0.0,"y":0.0}]
    },
    {
      "SourcePinAddress":{
        "PinID":2,
        "PinOwnerID":1788878110
      },
      "TargetPinAddress":{
        "PinID":0,
        "PinOwnerID":1148015598
      },
      "ConnectionType":0,
      "ConnectedWireIndex":-1,
      "ConnectedWireSegmentIndex":-1,
      "Points":[{"x":0.0,"y":0.0},{"x":0.0,"y":0.0}]
    }
  ],
  "Displays": null
}