{
  "Name": "NOR",
  "NameLocation": 0,
  "ChipType": 0,
  "Size": {
    "x": 0.575,
    "y": 0.5
  },
  "Colour": {
    "r": 0.21997036,
    "g": 0.4099234,
    "b": 0.7738564,
    "a": 1
  },
  "InputPins":[
    {
      "Name":"IN",
      "ID":1673426295,
      "Position":{
        "x":-8.375,
        "y":3.3125
      },
      "BitCount":1,
      "Colour":1,
      "ValueDisplayMode":0
    },
    {
      "Name":"IN",
      "ID":244148401,
      "Position":{
        "x":-8.375,
        "y":1.4375
      },
      "BitCount":1,
      "Colour":2,
      "ValueDisplayMode":0
    }
  ],
  "OutputPins":[
    {
      "Name":"OUT",
      "ID":2056980860,
      "Position":{
        "x":-1.625,
        "y":2.1875
      },
      "BitCount":1,
      "Colour":0,
      "ValueDisplayMode":0
    }
  ],
  "SubChips":[
    {
      "Name":"OR",
      "ID":1947490014,
      "Label":"",
      "Position":{
        "x":-6.0275,
        "y":3.1875
      },
      "OutputPinColourInfo":[{"PinColour":0,"PinID":619368328}],
      "InternalData":null
    },
    {
      "Name":"OR",
      "ID":931479612,
      "Label":"",
      "Position":{
        "x":-6.0275,
        "y":1.3125
      },
      "OutputPinColourInfo":[{"PinColour":0,"PinID":619368328}],
      "InternalData":null
    },
    {
      "Name":"NAND",
      "ID":1144649351,
      "Label":"",
      "Position":{
        "x":-3.875,
        "y":2.1875
      },
      "OutputPinColourInfo":[{"PinColour":0,"PinID":2}],
      "InternalData":null
    }
  ],
  "Wires":[
    {
      "SourcePinAddress":{
        "PinID":0,
        "PinOwnerID":1673426295
      },
      "TargetPinAddress":{
        "PinID":1151287939,
        "PinOwnerID":1947490014
      },
      "ConnectionType":0,
      "ConnectedWireIndex":-1,
      "ConnectedWireSegmentIndex":-1,
      "Points":[{"x":0.0,"y":0.0},{"x":0.0,"y":0.0}]
    },
    {
      "SourcePinAddress":{
        "PinID":0,
        "PinOwnerID":1673426295
      },
      "TargetPinAddress":{
        "PinID":1412720144,
        "PinOwnerID":931479612
      },
      "ConnectionType":1,
      "ConnectedWireIndex":0,
      "ConnectedWireSegmentIndex":0,
      "Points":[{"x":-6.875,"y":3.3125},{"x":-6.875,"y":1.1875},{"x":0.0,"y":0.0}]
    },
    {
      "SourcePinAddress":{
        "PinID":0,
        "PinOwnerID":244148401
      },
      "TargetPinAddress":{
        "PinID":1151287939,
        "PinOwnerID":931479612
      },
      "ConnectionType":0,
      "ConnectedWireIndex":-1,
      "ConnectedWireSegmentIndex":-1,
      "Points":[{"x":0.0,"y":0.0},{"x":0.0,"y":0.0}]
    },
    {
      "SourcePinAddress":{
        "PinID":0,
        "PinOwnerID":244148401
      },
      "TargetPinAddress":{
        "PinID":1412720144,
        "PinOwnerID":1947490014
      },
      "ConnectionType":1,
      "ConnectedWireIndex":2,
      "ConnectedWireSegmentIndex":0,
      "Points":[{"x":-6.625,"y":1.4375},{"x":-6.625,"y":3.0625},{"x":0.0,"y":0.0}]
    },
    {
      "SourcePinAddress":{
        "PinID":619368328,
        "PinOwnerID":931479612
      },
      "TargetPinAddress":{
        "PinID":1,
        "PinOwnerID":1144649351
      },
      "ConnectionType":0,
      "ConnectedWireIndex":-1,
      "ConnectedWireSegmentIndex":-1,
      "Points":[{"x":0.0,"y":0.0},{"x":-4.8125,"y":1.3125},{"x":-4.8125,"y":2.0625},{"x":0.0,"y":0.0}]
    },
    {
      "SourcePinAddress":{
        "PinID":619368328,
        "PinOwnerID":1947490014
      },
      "TargetPinAddress":{
        "PinID":0,
        "PinOwnerID":1144649351
      },
      "ConnectionType":0,
      "ConnectedWireIndex":-1,
      "ConnectedWireSegmentIndex":-1,
      "Points":[{"x":0.0,"y":0.0},{"x":-4.8125,"y":3.1875},{"x":-4.8125,"y":2.3125},{"x":0.0,"y":0.0}]
    },
    {
      "SourcePinAddress":{
        "PinID":2,
        "PinOwnerID":1144649351
      },
      "TargetPinAddress":{
        "PinID":0,
        "PinOwnerID":2056980860
      },
      "ConnectionType":0,
      "ConnectedWireIndex":-1,
      "ConnectedWireSegmentIndex":-1,
      "Points":[{"x":0.0,"y":0.0},{"x":0.0,"y":0.0}]
    }
  ],
  "Displays": null
}