{
  "Name": "OR",
  "NameLocation": 0,
  "ChipType": 0,
  "Size": {
    "x": 0.425,
    "y": 0.5
  },
  "Colour": {
    "r": 0.3051351,
    "g": 0.213757277,
    "b": 0.5113244,
    "a": 1
  },
  "InputPins":[
    {
      "Name":"IN",
      "ID":1151287939,
      "Position":{
        "x":-8.625,
        "y":3.3125
      },
      "BitCount":1,
      "Colour":0,
      "ValueDisplayMode":0
    },
    {
      "Name":"IN",
      "ID":1412720144,
      "Position":{
        "x":-8.625,
        "y":1.6875
      },
      "BitCount":1,
      "Colour":0,
      "ValueDisplayMode":0
    }
  ],
  "OutputPins":[
    {
      "Name":"OUT",
      "ID":619368328,
      "Position":{
        "x":-1.875,
        "y":2.4375
      },
      "BitCount":1,
      "Colour":0,
      "ValueDisplayMode":0
    }
  ],
  "SubChips":[
    {
      "Name":"NOT",
      "ID":55563102,
      "Label":"",
      "Position":{
        "x":-6.0775,
        "y":3.3125
      },
      "OutputPinColourInfo":[{"PinColour":0,"PinID":221333990}],
      "InternalData":null
    },
    {
      "Name":"NOT",
      "ID":1191709406,
      "Label":"",
      "Position":{
        "x":-6.0775,
        "y":1.6875
      },
      "OutputPinColourInfo":[{"PinColour":0,"PinID":221333990}],
      "InternalData":null
    },
    {
      "Name":"NAND",
      "ID":2081894908,
      "Label":"",
      "Position":{
        "x":-3.75,
        "y":2.4375
      },
      "OutputPinColourInfo":[{"PinColour":0,"PinID":2}],
      "InternalData":null
    }
  ],
  "Wires":[
    {
      "SourcePinAddress":{
        "PinID":0,
        "PinOwnerID":1412720144
      },
      "TargetPinAddress":{
        "PinID":2008536197,
        "PinOwnerID":1191709406
      },
      "ConnectionType":0,
      "ConnectedWireIndex":-1,
      "ConnectedWireSegmentIndex":-1,
      "Points":[{"x":0.0,"y":0.0},{"x":0.0,"y":0.0}]
    },
    {
      "SourcePinAddress":{
        "PinID":0,
        "PinOwnerID":1151287939
      },
      "TargetPinAddress":{
        "PinID":2008536197,
        "PinOwnerID":55563102
      },
      "ConnectionType":0,
      "ConnectedWireIndex":-1,
      "ConnectedWireSegmentIndex":-1,
      "Points":[{"x":0.0,"y":0.0},{"x":0.0,"y":0.0}]
    },
    {
      "SourcePinAddress":{
        "PinID":2,
        "PinOwnerID":2081894908
      },
      "TargetPinAddress":{
        "PinID":0,
        "PinOwnerID":619368328
      },
      "ConnectionType":0,
      "ConnectedWireIndex":-1,
      "ConnectedWireSegmentIndex":-1,
      "Points":[{"x":0.0,"y":0.0},{"x":0.0,"y":0.0}]
    },
    {
      "SourcePinAddress":{
        "PinID":221333990,
        "PinOwnerID":55563102
      },
      "TargetPinAddress":{
        "PinID":0,
        "PinOwnerID":2081894908
      },
      "ConnectionType":0,
      "ConnectedWireIndex":-1,
      "ConnectedWireSegmentIndex":-1,
      "Points":[{"x":0.0,"y":0.0},{"x":-4.8125,"y":3.3125},{"x":-4.8125,"y":2.5625},{"x":0.0,"y":0.0}]
    },
    {
      "SourcePinAddress":{
        "PinID":221333990,
        "PinOwnerID":1191709406
      },
      "TargetPinAddress":{
        "PinID":1,
        "PinOwnerID":2081894908
      },
      "ConnectionType":0,
      "ConnectedWireIndex":-1,
      "ConnectedWireSegmentIndex":-1,
      "Points":[{"x":0.0,"y":0.0},{"x":-4.8125,"y":1.6875},{"x":-4.8125,"y":2.3125},{"x":0.0,"y":0.0}]
    }
  ],
  "Displays": null
}