{
  "Name": "XNOR",
  "NameLocation": 0,
  "ChipType": 0,
  "Size": {
    "x": 0.725,
    "y": 0.5
  },
  "Colour": {
    "r": 0.9648662,
    "g": 0.896435,
    "b": 0.720709145,
    "a": 1
  },
  "InputPins":[
    {
      "Name":"IN",
      "ID":644228759,
      "Position":{
        "x":-9.5,
        "y":2.8125
      },
      "BitCount":1,
      "Colour":0,
      "ValueDisplayMode":0
    },
    {
      "Name":"IN",
      "ID":1369704219,
      "Position":{
        "x":-9.5,
        "y":2.1875
      },
      "BitCount":1,
      "Colour":0,
      "ValueDisplayMode":0
    }
  ],
  "OutputPins":[
    {
      "Name":"OUT",
      "ID":177980038,
      "Position":{
        "x":-2.5,
        "y":1.9375
      },
      "BitCount":1,
      "Colour":0,
      "ValueDisplayMode":0
    }
  ],
  "SubChips":[
    {
      "Name":"NOT",
      "ID":1359035208,
      "Label":"",
      "Position":{
        "x":-7.7025,
        "y":2.8125
      },
      "OutputPinColourInfo":[{"PinColour":0,"PinID":221333990}],
      "InternalData":null
    },
    {
      "Name":"NOT",
      "ID":412366378,
      "Label":"",
      "Position":{
        "x":-7.7025,
        "y":2.1875
      },
      "OutputPinColourInfo":[{"PinColour":0,"PinID":221333990}],
      "InternalData":null
    },
    {
      "Name":"AND",
      "ID":1044596802,
      "Label":"",
      "Position":{
        "x":-6.2025,
        "y":2.6875
      },
      "OutputPinColourInfo":[{"PinColour":0,"PinID":1148015598}],
      "InternalData":null
    },
    {
      "Name":"OR",
      "ID":1801303543,
      "Label":"",
      "Position":{
        "x":-4.4025,
        "y":1.9375
      },
      "OutputPinColourInfo":[{"PinColour":0,"PinID":619368328}],
      "InternalData":null
    },
    {
      "Name":"AND",
      "ID":358391385,
      "Label":"",
      "Position":{
        "x":-6.2025,
        "y":1.0625
      },
      "OutputPinColourInfo":[{"PinColour":0,"PinID":1148015598}],
      "InternalData":null
    }
  ],
  "Wires":[
    {
      "SourcePinAddress":{
        "PinID":221333990,
        "PinOwnerID":1359035208
      },
      "TargetPinAddress":{
        "PinID":89761582,
        "PinOwnerID":1044596802
      },
      "ConnectionType":0,
      "ConnectedWireIndex":-1,
      "ConnectedWireSegmentIndex":-1,
      "Points":[{"x":0.0,"y":0.0},{"x":0.0,"y":0.0}]
    },
    {
      "SourcePinAddress":{
        "PinID":221333990,
        "PinOwnerID":412366378
      },
      "TargetPinAddress":{
        "PinID":1544047334,
        "PinOwnerID":1044596802
      },
      "ConnectionType":0,
      "ConnectedWireIndex":-1,
      "ConnectedWireSegmentIndex":-1,
      "Points":[{"x":0.0,"y":0.0},{"x":-6.9375,"y":2.1875},{"x":-6.9375,"y":2.5625},{"x":0.0,"y":0.0}]
    },
    {
      "SourcePinAddress":{
        "PinID":1148015598,
        "PinOwnerID":1044596802
      },
      "TargetPinAddress":{
        "PinID":1151287939,
        "PinOwnerID":1801303543
      },
      "ConnectionType":0,
      "ConnectedWireIndex":-1,
      "ConnectedWireSegmentIndex":-1,
      "Points":[{"x":0.0,"y":0.0},{"x":-4.9375,"y":2.6875},{"x":-4.9375,"y":2.0625},{"x":0.0,"y":0.0}]
    },
    {
      "SourcePinAddress":{
        "PinID":0,
        "PinOwnerID":644228759
      },
      "TargetPinAddress":{
        "PinID":2008536197,
        "PinOwnerID":1359035208
      },
      "ConnectionType":0,
      "ConnectedWireIndex":-1,
      "ConnectedWireSegmentIndex":-1,
      "Points":[{"x":0.0,"y":0.0},{"x":0.0,"y":0.0}]
    },
    {
      "SourcePinAddress":{
        "PinID":0,
        "PinOwnerID":1369704219
      },
      "TargetPinAddress":{
        "PinID":2008536197,
        "PinOwnerID":412366378
      },
      "ConnectionType":0,
      "ConnectedWireIndex":-1,
      "ConnectedWireSegmentIndex":-1,
      "Points":[{"x":0.0,"y":0.0},{"x":0.0,"y":0.0}]
    },
    {
      "SourcePinAddress":{
        "PinID":0,
        "PinOwnerID":1369704219
      },
      "TargetPinAddress":{
        "PinID":89761582,
        "PinOwnerID":358391385
      },
      "ConnectionType":1,
      "ConnectedWireIndex":4,
      "ConnectedWireSegmentIndex":0,
      "Points":[{"x":-8.25,"y":2.1875},{"x":-8.25,"y":1.1875},{"x":0.0,"y":0.0}]
    },
    {
      "SourcePinAddress":{
        "PinID":0,
        "PinOwnerID":644228759
      },
      "TargetPinAddress":{
        "PinID":1544047334,
        "PinOwnerID":358391385
      },
      "ConnectionType":1,
      "ConnectedWireIndex":3,
      "ConnectedWireSegmentIndex":0,
      "Points":[{"x":-8.4375,"y":2.8125},{"x":-8.4375,"y":0.9375},{"x":0.0,"y":0.0}]
    },
    {
      "SourcePinAddress":{
        "PinID":1148015598,
        "PinOwnerID":358391385
      },
      "TargetPinAddress":{
        "PinID":1412720144,
        "PinOwnerID":1801303543
      },
      "ConnectionType":0,
      "ConnectedWireIndex":-1,
      "ConnectedWireSegmentIndex":-1,
      "Points":[{"x":0.0,"y":0.0},{"x":-4.9375,"y":1.0625},{"x":-4.9375,"y":1.8125},{"x":0.0,"y":0.0}]
    },
    {
      "SourcePinAddress":{
        "PinID":619368328,
        "PinOwnerID":1801303543
      },
      "TargetPinAddress":{
        "PinID":0,
        "PinOwnerID":177980038
      },
      "ConnectionType":0,
      "ConnectedWireIndex":-1,
      "ConnectedWireSegmentIndex":-1,
      "Points":[{"x":0.0,"y":0.0},{"x":0.0,"y":0.0}]
    }
  ],
  "Displays": null
}