{
  "Name": "XOR",
  "NameLocation": 0,
  "ChipType": 0,
  "Size": {
    "x": 0.575,
    "y": 0.5
  },
  "Colour": {
    "r": 0.394645,
    "g": 0.959729135,
    "b": 0.676565945,
    "a": 1
  },
  "InputPins":[
    {
      "Name":"IN",
      "ID":1037772054,
      "Position":{
        "x":-9.0,
        "y":2.5625
      },
      "BitCount":1,
      "Colour":1,
      "ValueDisplayMode":0
    },
    {
      "Name":"IN",
      "ID":80525163,
      "Position":{
        "x":-9.01927,
        "y":1.1586
      },
      "BitCount":1,
      "Colour":2,
      "ValueDisplayMode":0
    }
  ],
  "OutputPins":[
    {
      "Name":"OUT",
      "ID":2069325665,
      "Position":{
        "x":0.125,
        "y":1.8125
      },
      "BitCount":1,
      "Colour":0,
      "ValueDisplayMode":0
    }
  ],
  "SubChips":[
    {
      "Name":"NAND",
      "ID":1579218789,
      "Label":"",
      "Position":{
        "x":-4.625,
        "y":3.3125
      },
      "OutputPinColourInfo":[{"PinColour":0,"PinID":2}],
      "InternalData":null
    },
    {
      "Name":"NAND",
      "ID":646079900,
      "Label":"",
      "Position":{
        "x":-6.625,
        "y":2.4375
      },
      "OutputPinColourInfo":[{"PinColour":0,"PinID":2}],
      "InternalData":null
    },
    {
      "Name":"NAND",
      "ID":474425105,
      "Label":"",
      "Position":{
        "x":-6.625,
        "y":1.3125
      },
      "OutputPinColourInfo":[{"PinColour":0,"PinID":2}],
      "InternalData":null
    },
    {
      "Name":"NAND",
      "ID":1893656837,
      "Label":"",
      "Position":{
        "x":-4.625,
        "y":0.3125
      },
      "OutputPinColourInfo":[{"PinColour":0,"PinID":2}],
      "InternalData":null
    },
    {
      "Name":"NAND",
      "ID":998666206,
      "Label":"",
      "Position":{
        "x":-2.25,
        "y":1.8125
      },
      "OutputPinColourInfo":[{"PinColour":0,"PinID":2}],
      "InternalData":null
    }
  ],
  "Wires":[
    {
      "SourcePinAddress":{
        "PinID":2,
        "PinOwnerID":474425105
      },
      "TargetPinAddress":{
        "PinID":0,
        "PinOwnerID":1893656837
      },
      "ConnectionType":0,
      "ConnectedWireIndex":-1,
      "ConnectedWireSegmentIndex":-1,
      "Points":[{"x":0.0,"y":0.0},{"x":-5.5625,"y":1.3125},{"x":-5.5625,"y":0.4375},{"x":0.0,"y":0.0}]
    },
    {
      "SourcePinAddress":{
        "PinID":2,
        "PinOwnerID":646079900
      },
      "TargetPinAddress":{
        "PinID":1,
        "PinOwnerID":1579218789
      },
      "ConnectionType":0,
      "ConnectedWireIndex":-1,
      "ConnectedWireSegmentIndex":-1,
      "Points":[{"x":0.0,"y":0.0},{"x":-5.5625,"y":2.4375},{"x":-5.5625,"y":3.1875},{"x":0.0,"y":0.0}]
    },
    {
      "SourcePinAddress":{
        "PinID":2,
        "PinOwnerID":1579218789
      },
      "TargetPinAddress":{
        "PinID":0,
        "PinOwnerID":998666206
      },
      "ConnectionType":0,
      "ConnectedWireIndex":-1,
      "ConnectedWireSegmentIndex":-1,
      "Points":[{"x":0.0,"y":0.0},{"x":-3.1875,"y":3.3125},{"x":-3.1875,"y":1.9375},{"x":0.0,"y":0.0}]
    },
    {
      "SourcePinAddress":{
        "PinID":2,
        "PinOwnerID":1893656837
      },
      "TargetPinAddress":{
        "PinID":1,
        "PinOwnerID":998666206
      },
      "ConnectionType":0,
      "ConnectedWireIndex":-1,
      "ConnectedWireSegmentIndex":-1,
      "Points":[{"x":0.0,"y":0.0},{"x":-3.1875,"y":0.3125},{"x":-3.1875,"y":1.6875},{"x":0.0,"y":0.0}]
    },
    {
      "SourcePinAddress":{
        "PinID":0,
        "PinOwnerID":1037772054
      },
      "TargetPinAddress":{
        "PinID":0,
        "PinOwnerID":646079900
      },
      "ConnectionType":0,
      "ConnectedWireIndex":-1,
      "ConnectedWireSegmentIndex":-1,
      "Points":[{"x":0.0,"y":0.0},{"x":0.0,"y":0.0}]
    },
    {
      "SourcePinAddress":{
        "PinID":0,
        "PinOwnerID":80525163
      },
      "TargetPinAddress":{
        "PinID":1,
        "PinOwnerID":474425105
      },
      "ConnectionType":0,
      "ConnectedWireIndex":-1,
      "ConnectedWireSegmentIndex":-1,
      "Points":[{"x":0.0,"y":0.0},{"x":0.0,"y":0.0}]
    },
    {
      "SourcePinAddress":{
        "PinID":0,
        "PinOwnerID":1037772054
      },
      "TargetPinAddress":{
        "PinID":0,
        "PinOwnerID":474425105
      },
      "ConnectionType":1,
      "ConnectedWireIndex":4,
      "ConnectedWireSegmentIndex":0,
      "Points":[{"x":-7.8125,"y":2.5625},{"x":-7.8125,"y":1.4375},{"x":0.0,"y":0.0}]
    },
    {
      "SourcePinAddress":{
        "PinID":0,
        "PinOwnerID":80525163
      },
      "TargetPinAddress":{
        "PinID":1,
        "PinOwnerID":646079900
      },
      "ConnectionType":1,
      "ConnectedWireIndex":5,
      "ConnectedWireSegmentIndex":0,
      "Points":[{"x":-7.56222,"y":1.17646},{"x":-7.5625,"y":2.3125},{"x":0.0,"y":0.0}]
    },
    {
      "SourcePinAddress":{
        "PinID":0,
        "PinOwnerID":1037772054
      },
      "TargetPinAddress":{
        "PinID":0,
        "PinOwnerID":1579218789
      },
      "ConnectionType":1,
      "ConnectedWireIndex":4,
      "ConnectedWireSegmentIndex":0,
      "Points":[{"x":-7.8125,"y":2.5625},{"x":-7.8125,"y":3.4375},{"x":0.0,"y":0.0}]
    },
    {
      "SourcePinAddress":{
        "PinID":2,
        "PinOwnerID":998666206
      },
      "TargetPinAddress":{
        "PinID":0,
        "PinOwnerID":2069325665
      },
      "ConnectionType":0,
      "ConnectedWireIndex":-1,
      "ConnectedWireSegmentIndex":-1,
      "Points":[{"x":0.0,"y":0.0},{"x":0.0,"y":0.0}]
    },
    {
      "SourcePinAddress":{
        "PinID":0,
        "PinOwnerID":80525163
      },
      "TargetPinAddress":{
        "PinID":1,
        "PinOwnerID":1893656837
      },
      "ConnectionType":1,
      "ConnectedWireIndex":5,
      "ConnectedWireSegmentIndex":0,
      "Points":[{"x":-7.56222,"y":1.17646},{"x":-7.5625,"y":0.1875},{"x":0.0,"y":0.0}]
    }
  ],
  "Displays": null
}