{
  "ProjectName": "CIRCUITOS",
  "DLSVersion_LastSaved": "2.1.0",
  "DLSVersion_EarliestCompatible": "2.0.0",
  "CreationTime": "2025-04-22T19:45:00.701-03:00",
  "LastSaveTime": "2025-04-22T20:10:37.024-03:00",
  "Prefs_MainPinNamesDisplayMode": 1,
  "Prefs_ChipPinNamesDisplayMode": 1,
  "Prefs_SimPaused": false,
  "Prefs_SimTargetStepsPerSecond": 1000,
  "Prefs_SimStepsPerClockTick": 250,
  "AllCustomChipNames":[
    "NOT",
    "OR",
    "AND",
    "NOR",
    "XOR",
    "XNOR"
  ],
  "StarredList":[
    {
      "Name":"IN/OUT",
      "IsCollection":true
    },
    {
      "Name":"LOGIC GATES",
      "IsCollection":true
    }
  ],
  "ChipCollections":[
    {
      "Chips":["CLOCK","KEY","3-STATE BUFFER"],
      "IsToggledOpen":false,
      "Name":"BASIC"
    },
    {
      "Chips":["IN-1","IN-4","IN-8","OUT-1","OUT-4","OUT-8"],
      "IsToggledOpen":false,
      "Name":"IN/OUT"
    },
    {
      "Chips":["1-4BIT","1-8BIT","4-8BIT","4-1BIT","8-4BIT","8-1BIT"],
      "IsToggledOpen":false,
      "Name":"MERGE/SPLIT"
    },
    {
      "Chips":["BUS-1","BUS-4","BUS-8"],
      "IsToggledOpen":false,
      "Name":"BUS"
    },
    {
      "Chips":["7-SEGMENT","DOT DISPLAY","RGB DISPLAY"],
      "IsToggledOpen":false,
      "Name":"DISPLAY"
    },
    {
      "Chips":["ROM 256×16"],
      "IsToggledOpen":false,
      "Name":"MEMORY"
    },
    {
      "Chips":[],
      "IsToggledOpen":true,
      "Name":"OTHER"
    },
    {
      "Chips":["AND","NOT","NAND","OR","NOR","XOR","XNOR"],
      "IsToggledOpen":false,
      "Name":"LOGIC GATES"
    }
  ]
}